CASE_ID,ACCIDENT_YEAR,PROC_DATE,JURIS,COLLISION_DATE,COLLISION_TIME,OFFICER_ID,REPORTING_DISTRICT,DAY_OF_WEEK,CHP_SHIFT,POPULATION,CNTY_CITY_LOC,SPECIAL_COND,BEAT_TYPE,CHP_BEAT_TYPE,CITY_DIVISION_LAPD,CHP_BEAT_CLASS,BEAT_NUMBER,PRIMARY_RD,SECONDARY_RD,DISTANCE,DIRECTION,INTERSECTION,WEATHER_1,WEATHER_2,STATE_HWY_IND,CALTRANS_COUNTY,CALTRANS_DISTRICT,STATE_ROUTE,ROUTE_SUFFIX,POSTMILE_PREFIX,POSTMILE,LOCATION_TYPE,RAMP_INTERSECTION,SIDE_OF_HWY,TOW_AWAY,COLLISION_SEVERITY,NUMBER_KILLED,NUMBER_INJURED,PARTY_COUNT,PRIMARY_COLL_FACTOR,PCF_CODE_OF_VIOL,PCF_VIOL_CATEGORY,PCF_VIOLATION,PCF_VIOL_SUBSECTION,HIT_AND_RUN,TYPE_OF_COLLISION,MVIW,PED_ACTION,ROAD_SURFACE,ROAD_COND_1,ROAD_COND_2,LIGHTING,CONTROL_DEVICE,CHP_ROAD_TYPE,PEDESTRIAN_ACCIDENT,BICYCLE_ACCIDENT,MOTORCYCLE_ACCIDENT,TRUCK_ACCIDENT,NOT_PRIVATE_PROPERTY,ALCOHOL_INVOLVED,STWD_VEHTYPE_AT_FAULT,CHP_VEHTYPE_AT_FAULT,COUNT_SEVERE_INJ,COUNT_VISIBLE_INJ,COUNT_COMPLAINT_PAIN,COUNT_PED_KILLED,COUNT_PED_INJURED,COUNT_BICYCLIST_KILLED,COUNT_BICYCLIST_INJURED,COUNT_MC_KILLED,COUNT_MC_INJURED,PRIMARY_RAMP,SECONDARY_RAMP,LATITUDE,LONGITUDE,COUNTY,CITY,POINT_X,POINT_Y
8305513,2017,2017-03-08,3801,2017-01-30,1852,160,MISSI,1,5,7,3801,0,0,0,,0,901,SOUTH VAN NESS AV,16TH ST,0,,Y,A,-,N,,,,,,,,,,Y,4,0,1,2,A,-,9,21801,A,N,A,C,A,A,H,-,C,A,0,,,Y,,Y,,A,1,0,0,1,0,0,0,0,0,0,-,-,,,SAN FRANCISCO,SAN FRANCISCO,-122.41748986,37.76517991
8305512,2017,2017-02-27,3801,2017-01-28,1800,2439,NORTH,6,5,7,3801,0,0,0,,0,3E12D,FRANKLIN ST,O'FARRELL,0,,Y,A,-,N,,,,,,,,,,N,4,0,1,2,A,-,3,22350,A,N,C,C,A,A,H,-,C,A,0,,,Y,,Y,,C,2,0,0,1,0,0,0,0,0,1,-,-,,,SAN FRANCISCO,SAN FRANCISCO,-122.42282988,37.78454998
8305510,2017,2017-02-21,3801,2017-01-25,1830,397,SOUTH,3,5,7,3801,0,0,0,,0,3B14D,9TH ST,DIVISION ST,0,,Y,A,-,N,,,,,,,,,,N,3,0,1,2,A,-,10,21950,A,F,G,B,B,A,H,-,B,D,0,Y,,,,Y,,A,1,0,1,0,0,1,0,0,0,0,-,-,,,SAN FRANCISCO,SAN FRANCISCO,-122.40619997,37.76944989
8305509,2017,2017-02-21,3801,2017-01-29,2120,213,SOUTH,7,5,7,3801,0,0,0,,0,0B1,2ND ST,HOWARD ST,0,,Y,A,-,N,,,,,,,,,,Y,4,0,1,3,A,-,12,21453,A,N,D,C,A,A,H,-,C,A,0,,,,,Y,,A,1,0,0,1,0,0,0,0,0,0,-,-,,,SAN FRANCISCO,SAN FRANCISCO,-122.39824992,37.78678994
8305508,2017,2017-02-27,3801,2017-01-29,403,118,MISSI,7,5,7,3801,0,0,0,,0,3D13E,22ND ST,CAPP ST,0,,Y,A,-,N,,,,,,,,,,,4,0,1,3,A,-,3,22350,,F,C,E,A,A,H,-,C,D,0,,,,,Y,,A,1,0,0,1,0,0,0,0,0,0,-,-,,,SAN FRANCISCO,SAN FRANCISCO,-122.41765999,37.75552995
8305506,2017,2017-02-21,3801,2017-01-24,2249,1061,NORTH,2,5,7,3801,0,0,0,,0,3E13E,MCALLISTER ST,GOUGH ST,0,,Y,A,-,N,,,,,,,,,,N,4,0,1,2,A,-,0,20001,,F,G,B,D,A,H,-,C,A,0,Y,,,,Y,,A,1,0,0,1,0,1,0,0,0,0,-,-,,,SAN FRANCISCO,SAN FRANCISCO,-122.42353987,37.77966998
8305505,2017,2017-02-21,3801,2017-01-31,1111,4259,BAYVI,2,5,7,3801,0,0,0,,0,3C15A,MARIPOSA ST,CONNECTICUT ST,0,,Y,A,-,N,,,,,,,,,,N,3,0,1,2,A,-,12,22450,A,F,G,B,B,A,H,-,A,A,0,Y,,,,Y,,A,8,0,1,0,0,1,0,0,0,0,-,-,,,SAN FRANCISCO,SAN FRANCISCO,-122.39763988,37.76378996
8305504,2017,2017-02-27,3801,2017-01-20,707,189,NORTH,5,5,7,3801,0,0,0,,0,2 CAR,GOLDEN GATE AV,LAGUNA ST,0,,Y,B,C,N,,,,,,,,,,N,4,0,1,2,A,-,10,21950,A,N,G,B,B,B,H,-,A,A,0,Y,,,,Y,,A,1,0,0,1,0,1,0,0,0,0,-,-,,,SAN FRANCISCO,SAN FRANCISCO,-122.42701999,37.78019988
8305502,2017,2017-03-08,3801,2017-01-01,1856,1567,BAYVI,7,5,7,3801,0,0,0,,0,2,PHELPS ST,PHELPS ST 950,0,,N,C,-,N,,,,,,,,,,N,4,0,1,2,A,-,11,21954,A,F,G,B,D,B,H,-,C,D,0,Y,,,,Y,Y,N,60,0,0,1,0,1,0,0,0,0,-,-,,,SAN FRANCISCO,SAN FRANCISCO,,
8305501,2017,2017-02-21,3801,2017-01-19,1010,518,NORTH,4,5,7,3801,0,0,0,,0,4B5H,TURK ST,POLK ST,0,,Y,C,-,N,,,,,,,,,,Y,4,0,1,2,A,-,8,22100,B,N,D,C,A,B,H,-,A,A,0,,,,,Y,,A,1,0,0,1,0,0,0,0,0,0,-,-,37.78224,-122.41906,SAN FRANCISCO,SAN FRANCISCO,-122.41899994,37.78216997
8305500,2017,2017-03-02,3801,2017-01-26,700,2297,BAYVI,4,5,7,3801,0,0,0,,0,2,SILVER,CHARTER OAK,0,,N,A,-,N,,,,,,,,,,N,4,0,1,2,A,-,11,21955,,N,-,B,D,A,H,-,A,A,0,Y,,,,Y,,N,60,0,0,1,0,1,0,0,0,0,-,-,,,SAN FRANCISCO,SAN FRANCISCO,-122.40435998,37.73315995
8305498,2017,2017-02-21,3801,2017-01-09,2012,2091,TARAV,1,5,7,3801,0,0,0,,0,3I2D,19TH AV,KIRKHAM ST,0,,Y,C,-,N,,,,,,,,,,N,3,0,1,2,A,-,10,21950,A,N,G,B,B,B,H,-,C,A,0,Y,,,,Y,,A,1,0,1,0,0,1,0,0,0,0,-,-,,,SAN FRANCISCO,SAN FRANCISCO,-122.47682989,37.75982996
8305497,2017,2017-02-21,3801,2017-01-29,1040,312,TARAV,7,5,7,3801,0,0,0,,0,3,GREAT HWY,NORIEGA ST,0,,Y,A,-,N,,,,,,,,,,N,3,0,2,5,D,-,0,,,N,G,B,E,-,G,-,A,D,0,Y,,,,Y,Y,-,-,0,1,1,0,2,0,0,0,0,-,-,,,SAN FRANCISCO,SAN FRANCISCO,-122.50843997,37.75282991
8305496,2017,2017-02-27,3801,2017-01-26,915,11,,4,5,7,3801,0,0,0,,0,,FULTON ST,39TH AV,0,,Y,A,-,N,,,,,,,,,,Y,4,0,1,2,A,-,9,21801,A,N,D,C,A,A,H,-,A,A,0,,,,,Y,,A,1,0,0,1,0,0,0,0,0,0,-,-,,,SAN FRANCISCO,SAN FRANCISCO,-122.49917996,37.77188994
8305494,2017,2017-02-21,3801,2017-01-31,1923,575,PARK,2,5,7,3801,0,0,0,,0,3F13D,ELLIS ST,BRODERICK ST,87,E,N,A,-,N,,,,,,,,,,N,4,0,1,2,A,-,8,22107,,N,D,G,A,A,H,-,C,D,0,,Y,,,Y,,A,1,0,0,1,0,0,0,1,0,0,-,-,,,SAN FRANCISCO,SAN FRANCISCO,-122.44049254,37.78134719
8305493,2017,2017-05-31,3801,2017-01-30,1811,2180,TARAV,1,5,7,3801,0,0,0,,0,3I16D,ALEMANY BL,SAN JOSE AV,0,,Y,A,-,N,,,,,,,,,,Y,4,0,1,1,A,-,8,22107,,N,E,I,A,A,H,-,C,D,0,,,,,Y,,A,1,0,0,1,0,0,0,0,0,0,-,-,,,SAN FRANCISCO,SAN FRANCISCO,-122.45709991,37.7100699
8305492,2017,2017-03-03,3801,2017-01-26,1851,311,SOUTH,4,5,7,3801,0,0,0,,0,3B14D,9TH ST,CLEMENTINA ST,0,,Y,A,-,N,,,,,,,,,,N,4,0,1,2,A,-,4,21703,,N,C,C,A,A,H,-,C,A,0,,,,,Y,,A,1,0,0,1,0,0,0,0,0,0,-,-,,,SAN FRANCISCO,SAN FRANCISCO,-122.41215993,37.77418997
8305490,2017,2017-02-21,3801,2017-01-24,912,1939,INGLE,2,5,7,3801,0,0,0,,0,4B6H,TRUMBULL ST,CONGDON ST,308,W,N,B,-,N,,,,,,,,,,N,4,0,1,2,A,-,6,21750,,N,D,C,A,A,H,-,A,D,0,,,Y,,Y,,C,3,0,0,1,0,0,0,0,0,1,-,-,37.73102,-122.42622,SAN FRANCISCO,SAN FRANCISCO,-122.42722246,37.73083779
8305488,2017,2017-02-27,3801,2017-01-27,1600,2334,SOUTH,5,5,7,3801,0,0,0,,0,0B4,11TH ST,HARRISON ST,50,S,N,B,-,N,,,,,,,,,,N,4,0,1,2,A,-,11,21955,,N,G,B,D,A,H,-,A,D,0,Y,,,,Y,,N,60,0,0,1,0,1,0,0,0,0,-,-,,,SAN FRANCISCO,SAN FRANCISCO,-122.41234812,37.7705325
8305486,2017,2018-07-20,3801,2017-01-27,600,1123,MISSI,5,5,7,3801,0,0,0,,0,3D15A,FOLSOM ST,13TH ST,45,W,N,A,-,N,,,,,,,,,,Y,4,0,3,3,-,-,-,,,N,C,C,A,A,H,-,C,A,0,,,,,Y,,-,-,0,0,3,0,0,0,0,0,0,-,-,,,SAN FRANCISCO,SAN FRANCISCO,-122.41561806,37.7693984
8305485,2017,2017-02-21,3801,2017-01-24,1740,301,CENTR,2,5,7,3801,0,0,0,,0,3A14D,BAY ST,KEARNY ST,43,W,N,A,-,N,,,,,,,,,,N,2,0,1,2,A,-,0,21760,C,F,C,G,A,A,H,-,A,D,0,,Y,,,Y,,A,1,1,0,0,0,0,0,1,0,0,-,-,,,SAN FRANCISCO,SAN FRANCISCO,-122.40731693,37.80642092
8305484,2017,2017-02-27,3801,2017-01-09,151,920,MISSI,1,5,7,3801,0,0,0,,0,3D13E,CAPP ST,20TH ST,292,N,N,C,-,N,,,,,,,,,,Y,4,0,2,2,A,-,1,23153,A,N,A,C,A,B,H,-,C,D,0,,,,,Y,Y,A,1,0,0,2,0,0,0,0,0,0,-,-,,,SAN FRANCISCO,SAN FRANCISCO,-122.41803574,37.75947991
8305482,2017,2017-02-21,3801,2017-01-31,2156,2194,NORTH,2,5,7,3801,0,0,0,,0,3E16E,FRANKLIN ST,PINE ST,72,N,N,A,-,N,,,,,,,,,,N,3,0,1,2,A,-,3,22350,,N,C,C,A,A,H,-,C,D,0,,,Y,,Y,,C,3,0,1,0,0,0,0,0,0,1,-,-,,,SAN FRANCISCO,SAN FRANCISCO,-122.42381907,37.78940535
8305481,2017,2017-02-21,3801,2017-01-22,146,1239,TARAV,7,5,7,3801,0,0,0,,0,5CAR,19TH AV,HOLLOWAY AV,460,N,N,B,C,N,,,,,,,,,,Y,4,0,2,2,A,-,3,22350,,N,C,E,A,B,F,-,C,D,0,,,,,Y,,A,1,0,0,2,0,0,0,0,0,0,-,-,,,SAN FRANCISCO,SAN FRANCISCO,-122.47529744,37.72221235
8305480,2017,2017-02-27,3801,2017-01-08,1840,293,CENTR,7,5,7,3801,0,0,0,,0,3A61,SANSOME ST,CALIFORNIA ST,0,,Y,C,-,N,,,,,,,,,,N,3,0,1,2,A,-,10,21950,A,N,G,B,B,B,H,-,C,-,0,Y,,,,Y,,A,7,0,1,0,0,1,0,0,0,0,-,-,,,SAN FRANCISCO,SAN FRANCISCO,-122.40113998,37.79309997
8305478,2017,2017-03-07,3801,2017-01-31,2204,215,MISSI,2,5,7,3801,0,0,0,,0,3D15E,16TH ST,DOLORES ST,0,,Y,A,-,N,,,,,,,,,,N,4,0,1,2,A,-,9,21801,A,N,A,C,A,A,H,-,C,A,0,,,Y,,Y,Y,A,7,0,0,1,0,0,0,0,0,1,-,-,,,SAN FRANCISCO,SAN FRANCISCO,-122.42644,37.76463998
8305477,2017,2017-02-21,3801,2017-01-13,1520,504,MISSI,5,5,7,3801,0,0,0,,0,3D11C,17TH ST,TREAT ST,0,,Y,A,-,N,,,,,,,,,,N,4,0,1,2,A,-,6,21750,,N,C,C,A,A,H,-,A,A,0,,,Y,,Y,,C,3,0,0,1,0,0,0,0,0,1,-,-,,,SAN FRANCISCO,SAN FRANCISCO,-122.41359991,37.76378996
8305476,2017,2017-03-03,3801,2017-01-06,1530,231,MISSI,5,5,7,3801,0,0,0,,0,3D100,FOLSOM ST,13TH ST,0,,Y,B,-,N,,,,,,,,,,Y,3,0,1,2,A,-,9,21801,A,N,D,C,A,A,H,-,A,A,0,,,Y,,Y,,A,1,0,1,0,0,0,0,0,0,1,-,-,,,SAN FRANCISCO,SAN FRANCISCO,-122.41558999,37.76952
8305474,2017,2017-02-21,3801,2017-01-31,1856,200,SOUTH,2,5,7,3801,0,0,0,,0,3B11D,TOWNSEND ST,LUSK ST,97,W,N,A,-,N,,,,,,,,,,,3,0,1,2,A,-,7,21658,A,N,C,G,A,A,H,-,C,A,0,,Y,,,Y,,L,4,0,1,0,0,0,0,1,0,0,-,-,,,SAN FRANCISCO,SAN FRANCISCO,-122.39414021,37.77776384
8305473,2017,2017-03-13,3801,2017-01-06,1813,1996,MISSI,5,5,7,3801,0,0,0,,0,3D16D,DUBOCE AV,SOUTH VAN NESS,0,,Y,B,-,N,,,,,,,,,,Y,4,0,1,2,A,-,12,21453,A,N,B,C,A,A,H,-,C,A,0,,,,,Y,,A,1,0,0,1,0,0,0,0,0,0,-,-,,,SAN FRANCISCO,SAN FRANCISCO,,
8305472,2017,2017-03-06,3801,2017-01-06,828,508,CENTR,5,5,7,3801,0,0,0,,0,3A15A,BROADWAY ST,BATTERY ST,84,E,N,A,-,N,,,,,,,,,,N,4,0,1,2,A,-,3,22350,,N,C,G,A,A,H,-,A,A,0,,Y,,,Y,,L,4,0,0,1,0,0,0,1,0,0,-,-,,,SAN FRANCISCO,SAN FRANCISCO,-122.40075238,37.79863413
8305470,2017,2017-02-21,3801,2017-01-12,1940,970,SOUTH,4,5,7,3801,0,0,0,,0,02B,BRYANT ST,RINCON ST,52,E,N,A,-,N,,,,,,,,,,N,4,0,1,2,A,-,9,21801,A,F,B,C,A,A,H,-,D,D,0,,,,,Y,,A,1,0,0,1,0,0,0,0,0,0,-,-,,,SAN FRANCISCO,SAN FRANCISCO,-122.39196468,37.78433254
8305469,2017,2017-02-21,3801,2017-01-23,1430,4286,RICHM,1,5,7,3801,0,0,0,,0,0G2,TURK ST,SCOTT ST,0,,Y,C,-,N,,,,,,,,,,N,4,0,1,2,A,-,7,21658,A,F,B,C,A,B,H,-,A,D,0,,,,,Y,,A,1,0,0,1,0,0,0,0,0,0,-,-,,,SAN FRANCISCO,SAN FRANCISCO,-122.43705988,37.77985995
8305468,2017,2017-03-03,3801,2017-01-08,1040,1015,PARK,7,5,7,3801,0,0,0,,0,3 CAR,PARKER AV,TURK ST,138,N,N,C,-,N,,,,,,,,,,Y,3,0,1,2,A,-,3,22350,,N,C,E,A,B,H,-,A,D,0,,,,,Y,,A,1,0,1,0,0,0,0,0,0,0,-,-,,,SAN FRANCISCO,SAN FRANCISCO,-122.45349216,37.77818032
8305466,2017,2017-02-21,3801,2017-01-27,840,2444,BAYVI,5,5,7,3801,0,0,0,,0,3C2,OAKDALE AV,BARNEVELD AV,0,,Y,A,-,N,,,,,,,,,,N,3,0,1,2,A,-,11,21955,,N,G,B,D,A,H,-,B,-,0,Y,,,,Y,,N,60,0,1,0,0,1,0,0,0,0,-,-,,,SAN FRANCISCO,SAN FRANCISCO,-122.40348995,37.74205992
8305465,2017,2017-02-21,3801,2017-01-14,1805,836,MISSI,6,5,7,3801,0,0,0,,0,3D61,MISSION ST,15TH ST,400,N,N,A,-,N,,,,,,,,,,N,4,0,1,2,A,-,4,21703,,F,C,C,A,A,H,-,C,D,0,,,,,Y,,-,-,0,0,1,0,0,0,0,0,0,-,-,,,SAN FRANCISCO,SAN FRANCISCO,-122.41992187,37.76776588
8305464,2017,2017-02-27,3801,2017-01-07,2152,1514,MISSI,6,5,7,3801,0,0,0,,0,3,21ST ST,S VAN NESS AV,0,,Y,C,-,N,,,,,,,,,,N,4,0,1,2,D,-,0,,,N,G,B,B,B,H,-,C,A,0,Y,,,,Y,,-,-,0,0,1,0,1,0,0,0,0,-,-,,,SAN FRANCISCO,SAN FRANCISCO,-122.4167499,37.75715995
8305462,2017,2017-02-21,3801,2017-01-31,1938,1290,TARAV,2,5,7,3801,0,0,0,,0,3I11D,VICENTE ST,18TH AV,27,W,N,A,-,N,,,,,,,,,,Y,4,0,1,2,A,-,1,23152,A,N,C,C,A,A,H,-,C,A,0,,,,,Y,Y,A,1,0,0,1,0,0,0,0,0,0,-,-,,,SAN FRANCISCO,SAN FRANCISCO,-122.47444329,37.73935641
8305458,2017,2017-02-21,3801,2017-01-03,1816,1571,MISSI,2,5,7,3801,0,0,0,,0,3D11D,CASTRO ST,CASTRO ST 524,0,,N,A,-,N,,,,,,,,,,N,4,0,1,2,A,-,11,21956,A,N,G,B,E,A,H,-,C,D,0,Y,,,,Y,,N,60,0,0,1,0,1,0,0,0,0,-,-,,,SAN FRANCISCO,SAN FRANCISCO,,
8305457,2017,2017-02-21,3801,2017-01-20,1648,685,NORTH,5,5,7,3801,0,0,0,,0,3E13D,VAN NESS AV,GOLDEN GATE AV,0,,Y,C,-,N,,,,,,,,,,N,4,0,1,2,A,-,3,22350,,N,C,C,A,B,H,-,A,A,0,,,,,Y,,A,1,0,0,1,0,0,0,0,0,0,-,-,,,SAN FRANCISCO,SAN FRANCISCO,-122.42052988,37.78100996
8305455,2017,2017-03-02,3801,2017-01-23,859,538,BAYVI,1,5,7,3801,0,0,0,,0,3C11A,BAYSHORE BL,3RD ST,200,N,N,C,-,N,,,,,,,,,,Y,4,0,2,3,A,-,3,22350,,N,C,C,A,B,H,-,A,D,0,,,,,Y,,A,1,0,0,2,0,0,0,0,0,0,-,-,,,SAN FRANCISCO,SAN FRANCISCO,-122.39871464,37.71576073
8305454,2017,2017-02-21,3801,2017-01-25,1741,1030,MISSI,3,5,7,3801,0,0,0,,0,3D114,15TH ST,SOUTH VAN NESS AV,98,W,N,A,-,N,,,,,,,,,,N,4,0,1,4,A,-,6,21751,,F,D,C,A,A,H,-,B,A,0,,,,,Y,,A,1,0,0,1,0,0,0,0,0,0,-,-,,,SAN FRANCISCO,SAN FRANCISCO,-122.41797841,37.76678242
8305451,2017,2017-02-27,3801,2017-01-23,1625,34,BAYVI,1,5,7,3801,0,0,0,,0,3C11D,MANSELL ST,BOWDOIN ST,0,,Y,A,-,N,,,,,,,,,,Y,3,0,3,2,A,-,8,22108,,N,D,C,A,A,H,-,B,D,0,,,,,Y,,A,1,0,1,2,0,0,0,0,0,0,-,-,,,SAN FRANCISCO,SAN FRANCISCO,-122.40800993,37.71981995
8305450,2017,2017-02-21,3801,2017-01-26,1531,1113,PARK,4,5,7,3801,0,0,0,,0,3F13D,MASONIC AV,OFARRELL ST,0,,Y,A,-,N,,,,,,,,,,Y,4,0,1,2,A,-,9,21801,A,N,D,C,A,A,H,-,A,A,0,,,,,Y,,A,1,0,0,1,0,0,0,0,0,0,-,-,,,SAN FRANCISCO,SAN FRANCISCO,-122.44753988,37.7810399
8305447,2017,2017-02-27,3801,2017-01-23,1211,4302,BAYVI,1,5,7,3801,0,0,0,,0,3C13C,ILLINOIS ST,23RD ST,0,,Y,B,-,N,,,,,,,,,,Y,4,0,1,2,A,-,21,22106,,N,D,C,A,A,H,-,A,D,0,,,,,Y,,A,1,0,0,1,0,0,0,0,0,0,-,-,,,SAN FRANCISCO,SAN FRANCISCO,-122.38708988,37.75542992
8305446,2017,2017-03-08,3801,2017-01-15,1825,1996,MISSI,7,5,7,3801,0,0,0,,0,3D14D,GUERRERO ST,26TH ST,0,,Y,A,-,N,,,,,,,,,,Y,4,0,2,2,A,-,9,21801,A,N,B,C,A,A,H,-,C,A,0,,,,,Y,,A,1,0,0,2,0,0,0,0,0,0,-,-,,,SAN FRANCISCO,SAN FRANCISCO,-122.42256991,37.74878994
8305445,2017,2017-03-08,3801,2017-01-09,620,235,NORTH,1,5,7,3801,0,0,0,,0,3E16A,POST ST,POLK ST,6,E,N,A,-,N,,,,,,,,,,N,4,0,1,2,A,-,10,21950,A,N,G,B,B,B,H,-,C,A,0,Y,,,,Y,,A,8,0,0,1,0,1,0,0,0,0,-,-,,,SAN FRANCISCO,SAN FRANCISCO,-122.4198795,37.78683264
8305443,2017,2017-02-27,3801,2017-01-19,200,253,NORTH,4,5,7,3801,0,0,0,,0,3E12E,WEBSTER ST,GEARY BL,0,,Y,C,-,N,,,,,,,,,,N,3,0,1,2,A,-,11,21954,A,F,G,B,D,B,H,-,C,A,0,Y,,,,Y,,N,60,0,1,0,0,1,0,0,0,0,-,-,,,SAN FRANCISCO,SAN FRANCISCO,-122.4312999,37.78472993
8305442,2017,2017-02-21,3801,2017-01-31,2242,1931,NORTH,2,5,7,3801,0,0,0,,0,3E+00,TURK ST,POLK ST,0,,Y,A,-,N,,,,,,,,,,Y,4,0,1,2,A,-,3,22350,,F,B,D,A,A,H,-,C,A,0,,,,,Y,,A,1,0,0,1,0,0,0,0,0,0,-,-,,,SAN FRANCISCO,SAN FRANCISCO,-122.41899994,37.78216997
8305440,2017,2017-03-03,3801,2017-01-10,1700,1279,BAYVI,2,5,7,3801,0,0,0,,0,3C13D,BRUSSELS ST,FELTON ST,0,,Y,C,-,N,,,,,,,,,,N,4,0,1,2,A,-,8,22107,,M,D,C,A,B,H,-,C,D,0,,,,,Y,,-,-,0,0,1,0,0,0,0,0,0,-,-,,,SAN FRANCISCO,SAN FRANCISCO,-122.40656986,37.7295299
8305439,2017,2017-02-15,3801,2017-01-02,1016,470,NORTH,1,5,7,3801,0,0,0,,0,3E13A,OAK ST,STEINER ST,90,E,N,A,-,N,,,,,,,,,,Y,4,0,1,5,A,-,4,21703,,N,C,C,A,B,H,-,A,D,0,,,,,Y,,A,1,0,0,1,0,0,0,0,0,0,-,-,,,SAN FRANCISCO,SAN FRANCISCO,-122.43215264,37.77379009
8305437,2017,2017-02-28,3801,2017-01-11,1725,283,SOUTH,3,5,7,3801,0,0,0,,0,3B12D,4TH ST,HARRISON ST,79,N,N,A,-,N,,,,,,,,,,N,3,0,4,4,A,-,3,22350,,N,C,C,A,B,H,-,C,A,0,,,,,Y,,A,1,0,1,3,0,0,0,0,0,0,-,-,,,SAN FRANCISCO,SAN FRANCISCO,-122.39982165,37.7809348
8305435,2017,2017-02-15,3801,2017-01-01,1751,2369,INGLE,7,5,7,3801,0,0,0,,0,,SUNNYDALE AV,SANTOS ST,0,,Y,A,-,N,,,,,,,,,,Y,4,0,2,2,A,-,3,22350,A,N,A,C,A,A,H,-,B,D,0,,,,,Y,,A,1,0,0,2,0,0,0,0,0,0,-,-,,,SAN FRANCISCO,SAN FRANCISCO,-122.41825996,37.71232999
8305434,2017,2017-02-15,3801,2017-01-09,1100,4374,BAYVI,1,5,7,3801,0,0,0,,0,3C13B,CESAR CHAVEZ,EVANS AV,0,,Y,A,-,N,,,,,,,,,,N,4,0,1,2,A,-,12,21453,A,N,D,G,A,A,H,-,A,A,0,,Y,,,Y,,L,4,0,0,1,0,0,0,1,0,0,-,-,,,SAN FRANCISCO,SAN FRANCISCO,-122.39731995,37.74968998
8305433,2017,2017-02-15,3801,2017-01-10,1745,1947,NORTH,2,5,7,3801,0,0,0,,0,3E15A,CHESTNUT ST,SCOTT ST,0,,Y,C,-,N,,,,,,,,,,N,4,0,1,2,A,-,10,21950,A,N,G,B,B,B,H,-,C,A,0,Y,,,,Y,,A,7,0,0,1,0,1,0,0,0,0,-,-,,,SAN FRANCISCO,SAN FRANCISCO,-122.44118999,37.80018991
8305432,2017,2017-02-15,3801,2017-01-30,814,2728,MISSI,1,5,7,3801,0,0,0,,0,3D13A,CHURCH ST,14TH ST,10,N,N,A,-,N,,,,,,,,,,N,4,0,1,2,D,-,0,,,N,G,B,B,A,H,-,A,A,0,Y,,,,Y,,-,-,0,0,1,0,1,0,0,0,0,-,-,,,SAN FRANCISCO,SAN FRANCISCO,-122.4289524,37.7677374
8305431,2017,2017-02-21,3801,2017-01-01,1415,235,NORTH,7,5,7,3801,0,0,0,,0,3E13A,SCOTT ST,HAYES ST,0,,Y,A,-,N,,,,,,,,,,Y,4,0,1,2,D,-,0,,,N,D,C,A,A,H,-,A,A,0,,,,,Y,,-,-,0,0,1,0,0,0,0,0,0,-,-,,,SAN FRANCISCO,SAN FRANCISCO,-122.4361399,37.77519999
8305430,2017,2017-02-15,3801,2017-01-10,1906,1179,TENDE,2,5,7,3801,0,0,0,,0,3J14D,JONES ST,ELLIS ST,15,S,N,C,G,N,,,,,,,,,,N,4,0,1,2,A,-,11,21453,D,N,D,B,B,B,H,-,C,A,0,Y,,,,Y,Y,N,60,0,0,1,0,1,0,0,0,0,-,-,,,SAN FRANCISCO,SAN FRANCISCO,-122.412772,37.78485929
8305429,2017,2017-02-15,3801,2017-01-11,1856,837,CENTR,3,5,7,3801,0,0,0,,0,3A11C,JONES ST,SUTTER ST,0,,Y,-,-,N,,,,,,,,,,N,4,0,1,2,A,-,10,21950,A,N,G,B,B,B,H,-,C,A,0,Y,,,,Y,,-,,0,0,1,0,1,0,0,0,0,-,-,,,SAN FRANCISCO,SAN FRANCISCO,-122.41351993,37.78859995
8305428,2017,2017-02-21,3801,2017-01-17,1538,2091,TARAV,2,5,7,3801,0,0,0,,0,3I11D,OCEAN AV,JUNIPERO SERRA,0,,Y,A,-,N,,,,,,,,,,N,2,0,1,2,A,-,-,,,N,G,B,D,A,H,-,A,A,0,Y,,,,Y,,N,60,1,0,0,0,1,0,0,0,0,-,-,,,SAN FRANCISCO,SAN FRANCISCO,-122.47213992,37.73115989