CASE_ID,ACCIDENT_YEAR,PROC_DATE,JURIS,COLLISION_DATE,COLLISION_TIME,OFFICER_ID,REPORTING_DISTRICT,DAY_OF_WEEK,CHP_SHIFT,POPULATION,CNTY_CITY_LOC,SPECIAL_COND,BEAT_TYPE,CHP_BEAT_TYPE,CITY_DIVISION_LAPD,CHP_BEAT_CLASS,BEAT_NUMBER,PRIMARY_RD,SECONDARY_RD,DISTANCE,DIRECTION,INTERSECTION,WEATHER_1,WEATHER_2,STATE_HWY_IND,CALTRANS_COUNTY,CALTRANS_DISTRICT,STATE_ROUTE,ROUTE_SUFFIX,POSTMILE_PREFIX,POSTMILE,LOCATION_TYPE,RAMP_INTERSECTION,SIDE_OF_HWY,TOW_AWAY,COLLISION_SEVERITY,NUMBER_KILLED,NUMBER_INJURED,PARTY_COUNT,PRIMARY_COLL_FACTOR,PCF_CODE_OF_VIOL,PCF_VIOL_CATEGORY,PCF_VIOLATION,PCF_VIOL_SUBSECTION,HIT_AND_RUN,TYPE_OF_COLLISION,MVIW,PED_ACTION,ROAD_SURFACE,ROAD_COND_1,ROAD_COND_2,LIGHTING,CONTROL_DEVICE,CHP_ROAD_TYPE,PEDESTRIAN_ACCIDENT,BICYCLE_ACCIDENT,MOTORCYCLE_ACCIDENT,TRUCK_ACCIDENT,NOT_PRIVATE_PROPERTY,ALCOHOL_INVOLVED,STWD_VEHTYPE_AT_FAULT,CHP_VEHTYPE_AT_FAULT,COUNT_SEVERE_INJ,COUNT_VISIBLE_INJ,COUNT_COMPLAINT_PAIN,COUNT_PED_KILLED,COUNT_PED_INJURED,COUNT_BICYCLIST_KILLED,COUNT_BICYCLIST_INJURED,COUNT_MC_KILLED,COUNT_MC_INJURED,PRIMARY_RAMP,SECONDARY_RAMP,LATITUDE,LONGITUDE,COUNTY,CITY,POINT_X,POINT_Y
8201170,2017,2017-03-16,3801,2017-02-08,1422,182,SOUTH,3,5,7,3801,0,0,0,,0,3B15C,16TH ST,ARKANSAS ST,0,,Y,B,-,N,,,,,,,,,,Y,4,0,1,2,A,-,7,21658,A,N,D,C,A,B,H,-,A,D,0,,,,,Y,,A,1,0,0,1,0,0,0,0,0,0,-,-,,,SAN FRANCISCO,SAN FRANCISCO,-122.39879991,37.76631993
8201166,2017,2017-03-17,3801,2017-02-07,2117,200,SOUTH,2,5,7,3801,0,0,0,,0,3B14D,MARKET ST,GUERRERO ST,0,,Y,A,-,N,,,,,,,,,,N,3,0,1,2,A,-,8,22107,,N,D,G,A,A,H,-,C,A,0,,Y,,,Y,,A,1,0,1,0,0,0,0,1,0,0,-,-,,,SAN FRANCISCO,SAN FRANCISCO,-122.42485991,37.77074988
8201165,2017,2017-03-28,3801,2017-02-06,1459,295,CENTR,1,5,7,3801,0,0,0,,0,4,EMBARCADERO NORTH,LOMBARD ST,0,,Y,C,-,N,,,,,,,,,,N,4,0,1,2,A,-,8,22100,A,N,D,C,A,B,H,-,A,D,0,,,,,Y,,A,1,0,0,1,0,0,0,0,0,0,-,-,,,SAN FRANCISCO,SAN FRANCISCO,,
8201162,2017,2017-03-17,3801,2017-02-10,2020,1917,TARAV,5,5,7,3801,0,0,0,,0,3I16A,VARELA AV,SERRANO DR,0,,Y,A,-,N,,,,,,,,,,N,4,0,1,2,A,-,10,21950,A,F,G,B,B,A,H,-,C,A,0,Y,,,,Y,,A,1,0,0,1,0,1,0,0,0,0,-,-,,,SAN FRANCISCO,SAN FRANCISCO,-122.47609995,37.72004988
8201158,2017,2017-03-17,3801,2017-02-09,1637,RAYMOND,CENTR,4,5,7,3801,0,0,0,,0,3A15D,1ST ST,MARKET ST,0,,Y,C,-,N,,,,,,,,,,Y,4,0,1,2,A,-,-,,,N,G,B,E,B,H,-,A,D,0,Y,,,,Y,,-,,0,0,1,0,1,0,0,0,0,-,-,,,SAN FRANCISCO,SAN FRANCISCO,-122.39913993,37.79104989
8201157,2017,2017-03-17,3801,2017-02-06,49,912,BAYVI,1,5,7,3801,0,0,0,,0,3C12D,BAYSHORE BL,PAUL AV,0,,Y,C,G,N,,,,,,,,,,N,3,0,1,2,A,-,10,21950,A,N,G,B,B,B,H,-,C,A,0,Y,,,,Y,,A,8,0,1,0,0,1,0,0,0,0,-,-,,,SAN FRANCISCO,SAN FRANCISCO,-122.40078991,37.72360989
8201148,2017,2017-03-23,3801,2017-02-10,1012,73,MISSI,5,5,7,3801,0,0,0,,0,4B5D,GUERRERO ST,24TH ST,0,,Y,A,-,N,,,,,,,,,,Y,4,0,2,2,A,-,12,21453,A,N,D,C,A,A,H,-,A,A,0,,,,,Y,,A,1,0,0,2,0,0,0,0,0,0,-,-,37.52081,-122.4228,SAN FRANCISCO,SAN FRANCISCO,-122.42286988,37.75199992
8201146,2017,2017-03-17,3801,2017-02-10,1214,262,NORTH,5,5,7,3801,0,0,0,,0,3E11A,SCOTT ST,TURK ST,55,N,N,A,-,N,,,,,,,,,,N,3,0,1,2,D,-,0,,,N,B,G,A,A,D,-,A,D,0,,Y,,,Y,Y,-,-,0,1,0,0,0,0,1,0,0,-,-,,,SAN FRANCISCO,SAN FRANCISCO,-122.4370917,37.78000898
8201145,2017,2017-03-16,3801,2017-02-07,2324,577,SOUTH,2,5,7,3801,0,0,0,,0,3B63,GOUGH ST,MCCOPPIN,25,N,N,B,C,N,,,,,,,,,,Y,3,0,2,2,A,-,7,21658,A,N,C,E,A,B,H,-,C,A,0,,,,,Y,,A,1,0,1,1,0,0,0,0,0,0,-,-,,,SAN FRANCISCO,SAN FRANCISCO,-122.42038967,37.77182973
8201142,2017,2017-03-17,3801,2017-02-10,1845,2091,TARAV,5,5,7,3801,0,0,0,,0,3I15D,LAKESHORE PLZ,SLOAT BL,0,,Y,A,-,N,,,,,,,,,,N,4,0,1,2,A,-,0,21456,D,N,G,B,D,A,H,-,C,A,0,Y,,,,Y,,N,60,0,0,1,0,1,0,0,0,0,-,-,,,SAN FRANCISCO,SAN FRANCISCO,-122.49047,37.73415997
8201141,2017,2017-03-16,3801,2017-02-07,2355,2733,TARAV,2,5,7,3801,0,0,0,,0,3I15E,SAN LEANDRO WY,OCEAN AV,0,,Y,C,-,N,,,,,,,,,,N,3,0,1,2,A,-,3,22350,,N,C,E,A,B,H,-,C,D,0,,,,,Y,,A,1,0,1,0,0,0,0,0,0,0,-,-,,,SAN FRANCISCO,SAN FRANCISCO,-122.46932991,37.72997995
8201138,2017,2017-03-17,3801,2017-02-08,2123,4313,RICHM,3,5,7,3801,0,0,0,,0,0G2,ARGUELLO BL,ANZA ST,0,,Y,A,-,N,,,,,,,,,,N,3,0,1,2,A,-,10,21950,A,F,G,B,B,A,H,-,C,A,0,Y,,,,Y,,A,7,0,1,0,0,1,0,0,0,0,-,-,,,SAN FRANCISCO,SAN FRANCISCO,-122.45874994,37.7793499
8201137,2017,2017-03-17,3801,2017-02-07,2230,2379,CENTR,2,5,7,3801,0,0,0,,0,3A12E,KEARRY ST,SUTTER ST,0,,Y,B,C,N,,,,,,,,,,N,2,0,2,3,A,-,10,21950,A,F,G,B,B,B,H,-,C,A,0,Y,,,,Y,,A,1,1,1,0,0,2,0,0,0,0,-,-,,,SAN FRANCISCO,SAN FRANCISCO,-122.4038399,37.78982994
8201134,2017,2017-03-17,3801,2017-02-05,1841,273,NORTH,7,5,7,3801,0,0,0,,0,3E13D,FULTON ST,FILLMORE ST,0,,Y,C,-,N,,,,,,,,,,N,4,0,1,2,A,-,10,21950,A,N,G,B,B,B,H,-,C,A,0,Y,,,,Y,,A,1,0,0,1,0,1,0,0,0,0,-,-,,,SAN FRANCISCO,SAN FRANCISCO,-122.43155991,37.77768998
8201119,2017,2017-03-15,3801,2017-02-03,956,623,BAYVI,5,5,7,3801,0,0,0,,0,3C11A,ILLINOIS ST,23RD ST,0,,Y,A,-,N,,,,,,,,,,Y,4,0,1,2,A,-,9,21801,A,N,D,C,A,A,H,-,A,A,0,,,,,Y,,A,1,0,0,1,0,0,0,0,0,0,-,-,,,SAN FRANCISCO,SAN FRANCISCO,-122.38708988,37.75542992
8201115,2017,2017-03-16,3801,2017-02-04,1535,246,BAYVI,6,5,7,3801,0,0,0,,0,3C11C,23RD ST,MINNESOTA ST,4,W,N,A,-,N,,,,,,,,,,N,4,0,1,2,A,-,8,22107,,N,D,G,A,A,H,-,A,A,0,,Y,,,Y,,A,1,0,0,1,0,0,0,1,0,0,-,-,,,SAN FRANCISCO,SAN FRANCISCO,-122.38999381,37.75529927
8201111,2017,2017-03-15,3801,2017-02-01,1401,4212,3801,3,5,7,3801,0,0,0,,0,1401,MOUNT VERNON AV,VERNON AV,74,W,N,A,-,N,,,,,,,,,,Y,3,0,2,3,A,-,3,22350,,N,A,E,A,A,H,-,A,D,0,,,,,Y,,A,1,0,1,1,0,0,0,0,0,0,-,-,,,SAN FRANCISCO,SAN FRANCISCO,,
8201107,2017,2017-03-15,3801,2017-02-02,1015,563,PARK,4,5,7,3801,0,0,0,,0,1,7TH AV,IRVING ST,207,S,N,B,-,N,,,,,,,,,,N,4,0,1,2,A,-,3,22350,,N,C,C,A,B,H,-,A,A,0,,,,,Y,,A,1,0,0,1,0,0,0,0,0,0,-,-,,,SAN FRANCISCO,SAN FRANCISCO,-122.46412076,37.76359219
8201103,2017,2017-03-15,3801,2017-02-01,1751,1900,TARAV,3,5,7,3801,0,0,0,,0,3I16D,OCEAN AV,HAROLD AV,37,W,N,-,-,N,,,,,,,,,,N,4,0,1,2,A,-,11,21954,A,N,G,B,D,A,H,-,C,D,0,Y,,,,Y,Y,N,60,0,0,1,0,1,0,0,0,0,-,-,,,SAN FRANCISCO,SAN FRANCISCO,-122.45325305,37.72329791
8201099,2017,2017-03-16,3801,2017-02-02,1441,2287,TENDE,4,5,7,3801,0,0,0,,0,3J60,EDDY ST,JONES ST,70,W,N,B,-,N,,,,,,,,,,N,4,0,1,2,A,-,11,21954,A,N,G,B,E,A,H,-,A,D,0,Y,,,,Y,,N,60,0,0,1,0,1,0,0,0,0,-,-,,,SAN FRANCISCO,SAN FRANCISCO,-122.41282909,37.78390882
8201095,2017,2017-03-15,3801,2017-02-02,1957,4332,RICHM,4,5,7,3801,0,0,0,,0,3G13D,FULTON ST,7TH AV,0,,Y,A,-,N,,,,,,,,,,Y,4,0,1,2,A,-,3,22350,,N,C,C,A,B,H,-,C,A,0,,,,,Y,,A,1,0,0,1,0,0,0,0,0,0,-,-,,,SAN FRANCISCO,SAN FRANCISCO,-122.46482998,37.77348997
8201091,2017,2017-03-16,3801,2017-02-02,2238,1368,CENTR,4,5,7,3801,0,0,0,,0,3A62,UNION ST,POWELL ST,0,,Y,A,-,N,,,,,,,,,,N,4,0,1,2,A,-,11,21955,,N,G,B,D,B,H,-,C,A,0,Y,,,,Y,,N,60,0,0,1,0,1,0,0,0,0,-,-,,,SAN FRANCISCO,SAN FRANCISCO,-122.41082995,37.80023995
8201084,2017,2017-03-15,3801,2017-02-01,1802,2132,MISSI,3,5,7,3801,0,0,0,,0,3D62,DOLORES ST,CLIPPER ST,3,N,N,A,-,N,,,,,,,,,,Y,4,0,1,2,A,-,1,23152,A,M,B,C,A,A,-,-,C,D,0,,,,,Y,Y,A,1,0,0,1,0,0,0,0,0,0,-,-,,,SAN FRANCISCO,SAN FRANCISCO,-122.42500073,37.74944822
8201083,2017,2017-03-16,3801,2017-02-03,245,173,3HING,5,5,7,3801,0,0,0,,0,3H12E,30TH ST,MISSION ST,123,W,N,C,-,N,,,,,,,,,,N,2,0,1,2,A,-,3,22350,,F,G,B,E,B,H,-,C,A,0,Y,,,,Y,Y,A,1,1,0,0,0,1,0,0,0,0,-,-,,,SAN FRANCISCO,SAN FRANCISCO,-122.42238322,37.742355
8201080,2017,2017-03-15,3801,2017-02-07,120,1499,MISSI,2,5,7,3801,0,0,0,,0,3D63,13TH ST,MISSION ST,0,,Y,C,-,N,,,,,,,,,,Y,4,0,1,2,A,-,8,22101,D,N,D,C,A,B,H,-,C,A,0,,,,,Y,,A,7,0,0,1,0,0,0,0,0,0,-,-,,,SAN FRANCISCO,SAN FRANCISCO,-122.42017991,37.76998996
8201079,2017,2017-03-16,3801,2017-02-03,752,38,SOUTH,5,5,7,3801,0,0,0,,0,4,MISSION ST,9TH ST,0,,Y,B,-,N,,,,,,,,,,N,4,0,1,2,A,-,10,21950,A,N,D,B,B,B,H,-,A,A,0,Y,,,,Y,,A,1,0,0,1,0,1,0,0,0,0,-,-,,,SAN FRANCISCO,SAN FRANCISCO,-122.41471988,37.77623993
8201076,2017,2017-03-15,3801,2017-02-03,2220,2710,MISSI,5,5,7,3801,0,0,0,,0,,DIAMOND HEIGHTS BL,DIAMOND ST,0,,Y,A,-,N,,,,,,,,,,N,3,0,1,2,A,-,10,21950,A,N,G,-,B,A,H,-,C,-,0,Y,,,,Y,,A,1,0,1,0,0,1,0,0,0,0,-,-,,,SAN FRANCISCO,SAN FRANCISCO,-122.43734999,37.73829997
8201075,2017,2017-03-16,3801,2017-02-03,1526,246,BAYVI,5,5,7,3801,0,0,0,,0,3C102,SAN BRUNO AV,DWIGHT ST,0,,Y,A,-,N,,,,,,,,,,N,4,0,1,2,A,-,10,21950,,N,G,B,B,A,H,-,A,A,0,Y,,,,Y,,A,1,0,0,1,0,1,0,0,0,0,-,-,,,SAN FRANCISCO,SAN FRANCISCO,-122.40209992,37.72403997
8201072,2017,2017-03-15,3801,2017-02-07,23,215,MISSI,2,5,7,3801,0,0,0,,0,3D16E,16TH ST,CAPP ST,23,W,N,C,-,N,,,,,,,,,,N,4,0,1,2,A,-,12,21453,A,F,D,G,A,B,H,-,C,A,0,,Y,,,Y,,A,8,0,0,1,0,0,0,1,0,0,-,-,,,SAN FRANCISCO,SAN FRANCISCO,-122.41881941,37.76509573
8201071,2017,2017-03-16,3801,2017-02-03,810,283,SOUTH,5,5,7,3801,0,0,0,,0,3B13A,MINNA ST,3RD ST,158,E,N,A,-,N,,,,,,,,,,N,4,0,1,2,A,-,17,21657,,F,A,C,A,A,H,-,A,D,0,,,,,Y,,A,1,0,0,1,0,0,0,0,0,0,-,-,,,SAN FRANCISCO,SAN FRANCISCO,-122.4010945,37.78614789
8201068,2017,2017-03-15,3801,2017-02-04,2129,679,MISSI,6,5,7,3801,0,0,0,,0,0D1,CASTRO ST,19TH ST,92,N,N,A,-,N,,,,,,,,,,N,3,0,1,2,A,-,11,21955,,N,G,B,D,A,H,-,C,D,0,Y,Y,,,Y,,N,60,0,1,0,0,0,0,1,0,0,-,-,,,SAN FRANCISCO,SAN FRANCISCO,-122.43488101,37.75954219
8201067,2017,2017-03-16,3801,2017-02-03,1752,2228,TARAV,5,5,7,3801,0,0,0,,0,3I5D,19TH AV,SLOAT BL,206,N,N,A,-,N,,,,,,,,,,Y,3,0,1,3,A,-,3,22350,,N,C,C,A,A,H,-,C,D,0,,,Y,,Y,,A,1,0,1,0,0,0,0,0,0,0,-,-,,,SAN FRANCISCO,SAN FRANCISCO,-122.47516942,37.73528505
8201064,2017,2017-03-15,3801,2017-02-06,2235,1740,CENTR,1,5,7,3801,0,0,0,,0,3A5E,DRUMM ST,CALIFORNIA ST,0,,Y,C,G,N,,,,,,,,,,N,4,0,1,2,A,-,10,21950,A,N,G,B,B,B,H,-,C,A,0,Y,,,,Y,,A,1,0,0,1,0,1,0,0,0,0,-,-,,,SAN FRANCISCO,SAN FRANCISCO,-122.3964099,37.79365989
8201063,2017,2017-03-16,3801,2017-02-05,2115,2287,TENDE,7,5,7,3801,0,0,0,,0,3J60,6TH ST,JESSIE,34,S,N,C,-,N,,,,,,,,,,N,3,0,1,2,A,-,11,21954,A,N,G,B,D,B,H,-,C,D,0,Y,,,,Y,,N,60,0,1,0,0,1,0,0,0,0,-,-,,,SAN FRANCISCO,SAN FRANCISCO,-122.40912752,37.78133338
8201059,2017,2017-03-16,3801,2017-02-04,2000,1418,TARAV,6,5,7,3801,0,0,0,,0,0I3,41ST AV,NORIEGA ST,0,,Y,A,-,N,,,,,,,,,,Y,4,0,3,2,A,-,9,21802,A,N,D,C,A,A,H,-,C,A,0,,,,,Y,,A,1,0,0,3,0,0,0,0,0,0,-,-,,,SAN FRANCISCO,SAN FRANCISCO,-122.50002994,37.75319994
8201056,2017,2017-03-15,3801,2017-02-04,1522,143,INGLE,6,5,7,3801,0,0,0,,0,3H11C,MISSION ST,AVALON AV,0,,Y,A,-,N,,,,,,,,,,N,4,0,2,2,A,-,3,22350,,N,C,C,A,A,H,-,A,A,0,,,,,Y,,A,1,0,0,2,0,0,0,0,0,0,-,-,,,SAN FRANCISCO,SAN FRANCISCO,-122.43233996,37.72771998
8201052,2017,2017-03-16,3801,2017-02-06,100,867,SOUTH,1,5,7,3801,0,0,0,,0,3B13E,8TH ST,HOWARD ST,0,,Y,A,-,N,,,,,,,,,,Y,3,0,1,2,A,-,1,23153,A,N,D,C,A,A,H,-,C,A,0,,,,,Y,Y,A,1,0,1,0,0,0,0,0,0,0,-,-,,,SAN FRANCISCO,SAN FRANCISCO,-122.41158998,37.77622995
8201051,2017,2017-03-16,3801,2017-02-06,1014,86,TARAV,1,5,7,3801,0,0,0,,0,3I16A,SUNSET BL,LAKE MERCED BL,124,N,N,B,-,N,,,,,,,,,,Y,4,0,1,2,A,-,3,22350,,N,E,I,A,B,H,-,A,D,0,,,,,Y,,A,1,0,0,1,0,0,0,0,0,0,-,-,,,SAN FRANCISCO,SAN FRANCISCO,-122.4936522,37.72990428
8201047,2017,2017-03-16,3801,2017-02-01,925,59,MISSI,3,5,7,3801,0,0,0,,0,,DOUGLASS ST,27TH ST,132,N,N,B,-,N,,,,,,,,,,N,4,0,1,2,A,-,11,21954,A,N,G,B,E,A,C,E,A,A,0,Y,,,,Y,,N,60,0,0,1,0,1,0,0,0,0,-,-,,,SAN FRANCISCO,SAN FRANCISCO,-122.43803957,37.7466018
8201044,2017,2017-03-16,3801,2017-02-06,1835,2137,PARK,1,5,7,3801,0,0,0,,0,3,HAIGHT ST,MASONIC,0,,Y,C,-,N,,,,,,,,,,N,4,0,1,2,A,-,0,21955,A,N,-,B,B,B,H,-,C,A,0,Y,,,,Y,,A,8,0,0,1,0,1,0,0,0,0,-,-,,,SAN FRANCISCO,SAN FRANCISCO,-122.44534989,37.77020999
8201043,2017,2017-03-16,3801,2017-02-04,1045,2457,TARAV,6,5,7,3801,0,0,0,,0,3I4A,19TH AV,SLOAT BL,0,,Y,C,-,N,,,,,,,,,,N,4,0,1,2,A,-,4,21703,,N,C,C,A,B,H,-,A,A,0,,,,,Y,,A,1,0,0,1,0,0,0,0,0,0,-,-,,,SAN FRANCISCO,SAN FRANCISCO,-122.4751299,37.73471991
8201040,2017,2017-03-15,3801,2017-02-02,1909,715,NORTH,4,5,7,3801,0,0,0,,0,3E12D,GOUGH ST,OFARRELL ST,20,S,N,A,-,N,,,,,,,,,,N,4,0,1,3,A,-,11,21954,A,N,G,B,D,A,H,-,C,D,0,Y,,,,Y,,N,60,0,0,1,0,1,0,0,0,0,-,-,,,SAN FRANCISCO,SAN FRANCISCO,-122.42446949,37.78428569
8201036,2017,2017-03-15,3801,2017-02-07,2243,2030,TARAV,2,5,7,3801,0,0,0,,0,1CAR,KIRKHAM ST,11TH AV,0,,Y,C,-,N,,,,,,,,,,Y,4,0,2,2,A,-,9,21802,A,N,D,C,A,B,H,-,C,A,0,,,,,Y,,A,1,0,0,2,0,0,0,0,0,0,-,-,,,SAN FRANCISCO,SAN FRANCISCO,-122.46819993,37.7601999
8201032,2017,2017-03-15,3801,2017-02-07,1609,328,NORTH,2,5,7,3801,0,0,0,,0,3E+75,BUCHANAN ST,FELL ST,0,,Y,B,-,N,,,,,,,,,,Y,4,0,1,3,A,-,3,22350,,N,D,C,A,B,H,-,A,A,0,,,,,Y,Y,A,1,0,0,1,0,0,0,0,0,0,-,-,,,SAN FRANCISCO,SAN FRANCISCO,-122.42770998,37.77532994
8201028,2017,2017-03-15,3801,2017-02-03,805,3H16A,COH,5,5,7,3801,0,0,0,,0,3H16A,BAYSHORE BL,HESTER,0,,-,A,-,N,,,,,,,,,,Y,4,0,3,6,A,-,3,22350,,N,C,C,A,B,H,-,A,A,0,,,,,Y,,A,1,0,0,3,0,0,0,0,0,0,-,-,,,SAN FRANCISCO,SAN FRANCISCO,-122.40000996,37.71361997
8201024,2017,2017-03-15,3801,2017-02-02,1626,4119,INGLE,4,5,7,3801,0,0,0,,0,6CAR,CAMBRIDGE ST,GLADSTONE DR,66,W,N,B,-,N,,,,,,,,,,N,2,0,1,2,A,-,11,21954,A,N,G,B,D,B,H,-,A,D,0,Y,,,,Y,,N,60,1,0,0,0,1,0,0,0,0,-,-,37.7315,-122.42025,SAN FRANCISCO,SAN FRANCISCO,-122.42039638,37.73143658
8201020,2017,2017-03-15,3801,2017-01-21,545,2261,PARK,6,5,7,3801,0,0,0,,0,3F13E,OAK ST,BAKER ST,102,W,N,A,-,N,,,,,,,,,,Y,4,0,1,4,A,-,17,21658,,N,C,E,A,A,H,-,C,D,0,,,,,Y,,A,1,0,0,1,0,0,0,0,0,0,-,-,,,SAN FRANCISCO,SAN FRANCISCO,-122.44110882,37.77265694
8201016,2017,2017-03-15,3801,2017-02-08,2055,575,PARK,3,5,7,3801,0,0,0,,0,3F13D,HAIGHT ST,SHRADER ST,150,W,N,A,-,N,,,,,,,,,,N,4,0,1,2,A,-,6,21750,A,N,C,C,A,A,H,-,C,D,0,,,Y,,Y,,C,2,0,0,1,0,0,0,0,0,1,-,-,,,SAN FRANCISCO,SAN FRANCISCO,-122.4523718,37.7693011
8201012,2017,2017-03-15,3801,2017-02-08,30,2038,COF,3,5,7,3801,0,0,0,,0,3F13E,FELL ST,BRODERICK ST,9,W,N,C,-,N,,,,,,,,,,N,3,0,1,2,A,-,10,21950,A,N,G,B,B,B,H,-,C,A,0,Y,,,,Y,Y,A,1,0,1,0,0,1,0,0,0,0,-,-,,,SAN FRANCISCO,SAN FRANCISCO,-122.43932071,37.77383588
8201004,2017,2017-03-15,3801,2017-02-07,1320,905,TENDE,2,5,7,3801,0,0,0,,0,,JONES ST,TURK ST,3,N,N,C,-,N,,,,,,,,,,N,3,0,1,2,A,-,12,21453,A,F,G,B,B,B,H,-,A,A,0,Y,,,,Y,,-,99,0,1,0,0,1,0,0,0,0,-,-,,,SAN FRANCISCO,SAN FRANCISCO,-122.41241156,37.78300815
8201000,2017,2017-03-15,3801,2017-02-06,1824,509,SOUTH,1,5,7,3801,0,0,0,,0,0B2,BRYANT ST,ZOE ST,75,W,N,C,-,N,,,,,,,,,,N,2,0,1,2,A,-,11,21954,A,F,G,B,E,B,H,-,C,A,0,Y,,,,Y,,N,60,1,0,0,0,1,0,0,0,0,-,-,,,SAN FRANCISCO,SAN FRANCISCO,-122.397026,37.78037627
8200996,2017,2017-03-15,3801,2017-02-05,2045,2089,INGLE,7,5,7,3801,0,0,0,,0,0H3,BOSWORTH ST,MISSION ST,0,,Y,A,-,N,,,,,,,,,,N,4,0,1,2,A,-,4,21703,,F,C,C,A,A,H,-,C,A,0,,,,,Y,,A,1,0,0,1,0,0,0,0,0,0,-,-,,,SAN FRANCISCO,SAN FRANCISCO,-122.42643989,37.73366995
8200992,2017,2017-03-15,3801,2017-02-06,1215,472,INGLE,1,5,7,3801,0,0,0,,0,3H13C,MISSION ST,PERSIA AV,0,,Y,B,C,N,,,,,,,,,,N,4,0,1,2,A,-,10,21950,A,F,G,B,B,B,H,-,A,A,0,Y,,,,Y,,A,1,0,0,1,0,1,0,0,0,0,-,-,,,SAN FRANCISCO,SAN FRANCISCO,-122.4359699,37.72313994
8200888,2017,2017-03-16,3801,2017-02-10,1635,2422,BAYVI,5,5,7,3801,0,0,0,,0,3C15B,HUNTERS POINT EXPY,GILMAN AV,300,S,N,B,-,N,,,,,,,,,,Y,4,0,1,2,A,-,5,21460,A,N,B,C,A,B,H,-,A,D,0,,,Y,,Y,,A,1,0,0,1,0,0,0,0,0,1,-,-,,,SAN FRANCISCO,SAN FRANCISCO,-122.38250573,37.71504111
8200884,2017,2017-03-16,3801,2017-02-10,245,93,NORTH,5,5,7,3801,0,0,0,,0,3E13E,GEARY ST,VAN NESS AV,0,,Y,C,-,N,,,,,,,,,,Y,4,0,1,2,A,-,12,21453,A,N,D,C,A,B,H,-,C,A,0,,,,,Y,,A,1,0,0,1,0,0,0,0,0,0,-,-,,,SAN FRANCISCO,SAN FRANCISCO,-122.42131987,37.78569994
8200878,2017,2017-03-16,3801,2017-01-07,1432,1197,CENTR,6,5,7,3801,0,0,0,,0,3B14B,STOCKTON ST,COLUMBUS AV,20,S,N,A,-,N,,,,,,,,,,N,4,0,1,2,A,-,11,21950,B,N,G,B,D,A,H,-,A,A,0,Y,,,,Y,,N,60,0,0,1,0,1,0,0,0,0,-,-,,,SAN FRANCISCO,SAN FRANCISCO,-122.40896709,37.79944602
8200862,2017,2017-07-21,3801,2017-02-10,1936,2111,MISSI,5,5,7,3801,0,0,0,,0,3D14D,24TH ST,ORANGE ALY,42,W,N,A,-,N,,,,,,,,,,N,4,0,1,2,A,-,8,22107,,N,B,C,A,A,H,-,C,A,0,,,,,Y,,I,11,0,0,1,0,0,0,0,0,0,-,-,,,SAN FRANCISCO,SAN FRANCISCO,-122.42022475,37.75213984
8200835,2017,2017-03-24,3801,2017-01-24,2210,1994,CENTR,2,5,7,3801,0,0,0,,0,4B3B,MARKET ST,KEARNY ST,10,E,N,A,-,N,,,,,,,,,,N,3,0,1,2,A,-,11,21954,A,N,G,B,E,A,H,-,C,A,0,Y,,,,Y,Y,N,60,0,1,0,0,1,0,0,0,0,-,-,37.78746,-122.40336,SAN FRANCISCO,SAN FRANCISCO,-122.40343484,37.78767887
8200803,2017,2017-03-16,3801,2017-02-06,1430,4302,3C90,1,5,7,3801,0,0,0,,0,5,3RD ST,REVERE AV,0,,Y,B,C,N,,,,,,,,,,Y,4,0,2,2,D,-,0,,,N,B,C,A,B,H,-,A,A,0,,,,,Y,,-,-,0,0,2,0,0,0,0,0,0,-,-,,,SAN FRANCISCO,SAN FRANCISCO,-122.39160997,37.73243998
7199916,2017,2017-02-15,3801,2017-01-11,1215,2127,NORTH,3,5,7,3801,0,0,0,,0,4B1A,UNION ST,BUCHANAN ST,15,E,N,A,-,N,,,,,,,,,,N,1,1,0,2,A,-,10,21950,A,N,G,B,B,A,H,-,A,D,0,Y,,,,Y,Y,E,22,0,0,0,1,0,0,0,0,0,-,-,,,SAN FRANCISCO,SAN FRANCISCO,-122.43214861,37.79751593